{
  "linear_line1": {
    "n": 1000,
    "result": {
      "aveX": 10.121060744,
      "aveY": 50.439669198,
      "SSx": 66517.657122821,
      "SSxy": 8532.832947577,
      "B1": 0.128279217,
      "B0": 49.141347454,
      "MAE": 24.972783448,
      "MSE": 828.658730756,
      "R1": 0.00066002,
      "R2": 0.00066002,
      "SSR": 1094.585126124,
      "SST": 1658412.046638098
    }
  },
  "linear_line3": {
    "n": 1000,
    "result": {
      "aveX": 10.121060744,
      "aveY": 50.439669198,
      "SSx": 66517.657122821,
      "SSxy": 8532.832947577,
      "B1": 0.128279217,
      "B0": 49.141347454,
      "MAE": 41.529218858,
      "MSE": 2479.522206605,
      "R1": 0.00066002,
      "R2": -1.990236608,
      "SSR": 1657317.461511971,
      "SST": 1658412.046638098
    }
  }
}